[{
    "model": "schools.school",
    "pk": 1,
    "fields": {
        "name": "ASMMHSS",
        "location": null
    }
}, {
    "model": "schools.school",
    "pk": 2,
    "fields": {
        "name": "Mary Matha",
        "location": null
    }
}, {
    "model": "schools.school",
    "pk": 3,
    "fields": {
        "name": "PKHS",
        "location": null
    }
}, {
    "model": "schools.school",
    "pk": 4,
    "fields": {
        "name": "NES",
        "location": null
    }
}, {
    "model": "schools.school",
    "pk": 5,
    "fields": {
        "name": "Asmmhss",
        "location": null
    }
},{
    "model": "quizzes.subject",
    "pk": 1,
    "fields": {
        "name": "Arts",
        "color": "#343a40"
    }
}, {
    "model": "quizzes.subject",
    "pk": 2,
    "fields": {
        "name": "Computing",
        "color": "#007bff"
    }
}, {
    "model": "quizzes.subject",
    "pk": 3,
    "fields": {
        "name": "Math",
        "color": "#28a745"
    }
}, {
    "model": "quizzes.subject",
    "pk": 4,
    "fields": {
        "name": "Biology",
        "color": "#17a2b8"
    }
}, {
    "model": "quizzes.subject",
    "pk": 5,
    "fields": {
        "name": "History",
        "color": "#ffc107"
    }
}, {
    "model": "quizzes.question",
    "pk": 1,
    "fields": {
        "quiz": 1,
        "text": "1. Which of the following was not a cause of World War I?"
    }
}, {
    "model": "quizzes.question",
    "pk": 2,
    "fields": {
        "quiz": 2,
        "text": "As compared to pure water, a body in salty water will"
    }
}, {
    "model": "quizzes.question",
    "pk": 3,
    "fields": {
        "quiz": 2,
        "text": "Which of the following is a colloidal solution?"
    }
}, {
    "model": "quizzes.question",
    "pk": 4,
    "fields": {
        "quiz": 2,
        "text": "Which one of the following is correctly matched?"
    }
}, {
    "model": "quizzes.question",
    "pk": 5,
    "fields": {
        "quiz": 2,
        "text": "Which river is also referred as \"Dakshin Ganga'?"
    }
}, {
    "model": "quizzes.question",
    "pk": 6,
    "fields": {
        "quiz": 2,
        "text": "If KNIFE is coded as MPKHG, then what does the code DTGCF stand for?"
    }
}, {
    "model": "quizzes.question",
    "pk": 7,
    "fields": {
        "quiz": 2,
        "text": "During which administration was \"Ashtapradhan Mandal\" the name of Council of Ministers?"
    }
}, {
    "model": "quizzes.question",
    "pk": 8,
    "fields": {
        "quiz": 2,
        "text": "The Sarvodaya Movement was started by"
    }
}, {
    "model": "quizzes.answer",
    "pk": 1,
    "fields": {
        "question": 2,
        "text": "Sink more",
        "is_correct": true
    }
}, {
    "model": "quizzes.answer",
    "pk": 2,
    "fields": {
        "question": 2,
        "text": "Sink less",
        "is_correct": false
    }
}, {
    "model": "quizzes.answer",
    "pk": 3,
    "fields": {
        "question": 2,
        "text": "Remain same",
        "is_correct": false
    }
}, {
    "model": "quizzes.answer",
    "pk": 4,
    "fields": {
        "question": 2,
        "text": "Depends on the way the body is immersed",
        "is_correct": false
    }
}, {
    "model": "quizzes.answer",
    "pk": 5,
    "fields": {
        "question": 3,
        "text": "Vinegar solution",
        "is_correct": false
    }
}, {
    "model": "quizzes.answer",
    "pk": 6,
    "fields": {
        "question": 3,
        "text": "Paint",
        "is_correct": true
    }
}, {
    "model": "quizzes.answer",
    "pk": 7,
    "fields": {
        "question": 3,
        "text": "Muddy water",
        "is_correct": false
    }
}, {
    "model": "quizzes.answer",
    "pk": 8,
    "fields": {
        "question": 3,
        "text": "Sugar solution",
        "is_correct": false
    }
}, {
    "model": "quizzes.answer",
    "pk": 9,
    "fields": {
        "question": 4,
        "text": "Rabindranath Tagore - Nil Darpan",
        "is_correct": false
    }
}, {
    "model": "quizzes.answer",
    "pk": 10,
    "fields": {
        "question": 4,
        "text": "Dadabhai Naoroji - India Unrest",
        "is_correct": false
    }
}, {
    "model": "quizzes.answer",
    "pk": 11,
    "fields": {
        "question": 4,
        "text": "Dinbandhu Mitra - Godaan",
        "is_correct": false
    }
}, {
    "model": "quizzes.answer",
    "pk": 12,
    "fields": {
        "question": 4,
        "text": "Ramesh Chandra Dutt - Economic History of India",
        "is_correct": true
    }
}, {
    "model": "quizzes.answer",
    "pk": 13,
    "fields": {
        "question": 5,
        "text": "Mahanadi",
        "is_correct": false
    }
}, {
    "model": "quizzes.answer",
    "pk": 14,
    "fields": {
        "question": 5,
        "text": "Krishna",
        "is_correct": false
    }
}, {
    "model": "quizzes.answer",
    "pk": 15,
    "fields": {
        "question": 5,
        "text": "Cauvery",
        "is_correct": false
    }
}, {
    "model": "quizzes.answer",
    "pk": 16,
    "fields": {
        "question": 5,
        "text": "Godavari",
        "is_correct": true
    }
}, {
    "model": "quizzes.answer",
    "pk": 17,
    "fields": {
        "question": 6,
        "text": "FVIEG",
        "is_correct": false
    }
}, {
    "model": "quizzes.answer",
    "pk": 18,
    "fields": {
        "question": 6,
        "text": "FVIEH",
        "is_correct": true
    }
}, {
    "model": "quizzes.answer",
    "pk": 19,
    "fields": {
        "question": 6,
        "text": "BREAD",
        "is_correct": false
    }
}, {
    "model": "quizzes.answer",
    "pk": 20,
    "fields": {
        "question": 6,
        "text": "BRAED",
        "is_correct": false
    }
}, {
    "model": "quizzes.answer",
    "pk": 21,
    "fields": {
        "question": 7,
        "text": "Guptas",
        "is_correct": false
    }
}, {
    "model": "quizzes.answer",
    "pk": 22,
    "fields": {
        "question": 7,
        "text": "Mauryas",
        "is_correct": false
    }
}, {
    "model": "quizzes.answer",
    "pk": 23,
    "fields": {
        "question": 7,
        "text": "Kakatiyas",
        "is_correct": false
    }
}, {
    "model": "quizzes.answer",
    "pk": 24,
    "fields": {
        "question": 7,
        "text": "Marathas",
        "is_correct": true
    }
}, {
    "model": "quizzes.answer",
    "pk": 25,
    "fields": {
        "question": 8,
        "text": "Mahatma Gandhi",
        "is_correct": false
    }
}, {
    "model": "quizzes.answer",
    "pk": 26,
    "fields": {
        "question": 8,
        "text": "Jayprakash Narayan",
        "is_correct": true
    }
}, {
    "model": "quizzes.answer",
    "pk": 27,
    "fields": {
        "question": 8,
        "text": "Vinoba Bhav",
        "is_correct": false
    }
}, {
    "model": "quizzes.answer",
    "pk": 28,
    "fields": {
        "question": 8,
        "text": "Jyotiba Phule",
        "is_correct": false
    }
}, {
    "model": "schools.user",
    "pk": 1,
    "fields": {
        "password": "pbkdf2_sha256$100000$uxwUURHiuyV0$gkAMDVdNR0ZNeGFe6Xk+7k/rrnWnf5LPOsJvjoQrpC8=",
        "last_login": "2018-07-22T09:48:53.912Z",
        "is_superuser": true,
        "username": "admin",
        "first_name": "",
        "last_name": "",
        "email": "",
        "is_staff": true,
        "is_active": true,
        "date_joined": "2018-07-22T02:17:48.065Z",
        "user_type": 1,
        "school": null,
        "location": null,
        "verified": false,
        "groups": [],
        "user_permissions": []
    }
}, {
    "model": "schools.user",
    "pk": 2,
    "fields": {
        "password": "pbkdf2_sha256$100000$QjaaFXH6Bfli$Thq5cX/P6NfTCB8LLwcVjzf21hQHO0q7pbEAmf8I9Vo=",
        "last_login": "2018-07-22T10:07:02.993Z",
        "is_superuser": false,
        "username": "sumee",
        "first_name": "",
        "last_name": "",
        "email": "",
        "is_staff": false,
        "is_active": true,
        "date_joined": "2018-07-22T04:01:38.989Z",
        "user_type": 2,
        "school": 1,
        "location": null,
        "verified": false,
        "groups": [],
        "user_permissions": []
    }
}, 
 {
    "model": "quizzes.quiz",
    "pk": 1,
    "fields": {
        "owner": 2,
        "name": "World War 1",
        "subject": 5
    }
}, {
    "model": "quizzes.quiz",
    "pk": 2,
    "fields": {
        "owner": 2,
        "name": "PSC: Village Field assistant",
        "subject": 1
    }
}]