[{"model": "schools.school", "pk": 1, "fields": {"name": "G H S S Kizhakkanchery", "code": 21006, "district": "Palakkad", "edu_district": "Palakkad", "sub_district": "Alathur", "url_id": 8475, "basic_info": 1, "created_on": "2018-07-28T12:59:39.001Z"}},
{"model": "schools.school", "pk": 2, "fields": {"name": "G H S S Erimayur", "code": 21011, "district": "Palakkad", "edu_district": "Palakkad", "sub_district": "Alathur", "url_id": 8480, "basic_info": 2, "created_on": "2018-07-28T12:59:46.617Z"}},

{"model": "schools.basicinfo", "pk": 1, "fields": {"establish_date": "Not Available", "area": "5 hectare / acre", "rooms": 43, "teaching_staffs": 34, "non_teaching_staffs": 5}},
{"model": "schools.basicinfo", "pk": 2, "fields": {"establish_date": "Not Available", "area": "3 hectare / acre", "rooms": 32, "teaching_staffs": 44, "non_teaching_staffs": 5}},

{"model": "schools.studentstrength", "pk": 1, "fields": {"school": 1, "course": 5, "strength": 31, "sampoorna": 31, "available_uid": 31,"valid_uid": 26, "partialy_match_uid": 0, "invalid_uid": 3, "none": 0}}, 
{"model": "schools.studentstrength", "pk": 2, "fields": {"school": 1, "course": 6, "strength": 31, "sampoorna": 31, "available_uid": 30, "valid_uid": 24, "partialy_match_uid": 2, "invalid_uid": 3, "none": 1}},

{"model": "classroom.classroom", "pk": 1, "fields": {"school": 1, "name": 10, "division":"A"}},
{"model": "classroom.classroom", "pk": 2, "fields": {"school": 1, "name": 9, "division":"A"}},
{"model": "classroom.classroom", "pk": 3, "fields": {"school": 1, "name": 8, "division":"A"}},
{"model": "classroom.classroom", "pk": 4, "fields": {"school": 2, "name": 10, "division":"A"}},
{"model": "classroom.classroom", "pk": 5, "fields": {"school": 2, "name": 9, "division":"A"}},

{"model": "schools.staff", "pk": 1, "fields": {"school": 1, "name": "M.ARUNKUMAR", "designation": "Clerk", "date_of_join": "2000-07-10"}}, 
{"model": "schools.staff", "pk": 2, "fields": {"school": 1, "name": "SUDEVAN.K", "designation": "F.T.C.M", "date_of_join": "2007-10-08"}}, 
{"model": "schools.staff", "pk": 3, "fields": {"school": 1, "name": "P. RAJALAKSHMY", "designation": "Head Master", "date_of_join": "1983-11-18"}}, 
{"model": "schools.staff", "pk": 4, "fields": {"school": 1, "name": "ROSAMMA THOMAS", "designation": "HSA English", "date_of_join": "2006-01-02"}}, 
{"model": "schools.staff", "pk": 5, "fields": {"school": 1, "name": "KABEER.A", "designation": "HSA English", "date_of_join": "2007-07-20"}}, 
{"model": "schools.staff", "pk": 6, "fields": {"school": 1, "name": "MO.JAISON", "designation": "HSA English", "date_of_join": "1998-07-22"}}, 
{"model": "schools.staff", "pk": 7, "fields": {"school": 1, "name": "SUNITHA.AK", "designation": "HSA English", "date_of_join": "2006-02-24"}}, 
{"model": "schools.staff", "pk": 8, "fields": {"school": 1, "name": "HEMAMBIKA", "designation": "HSA Hindi", "date_of_join": "1999-08-06"}}, 
{"model": "schools.staff", "pk": 9, "fields": {"school": 1, "name": "KM,MEENAKSHY", "designation": "HSA Hindi", "date_of_join": "1993-10-05"}}, 
{"model": "schools.staff", "pk": 10, "fields": {"school": 1, "name": "S.MANOJKUMAR", "designation": "HSA Malayalam", "date_of_join": "2008-01-29"}}, 
{"model": "schools.staff", "pk": 11, "fields": {"school": 1, "name": "STANLY MATHEW", "designation": "HSA Malayalam", "date_of_join": "2011-02-11"}}, 
{"model": "schools.staff", "pk": 12, "fields": {"school": 1, "name": "MI.HASEENA", "designation": "HSA Malayalam", "date_of_join": "2005-06-03"}}, 
{"model": "schools.staff", "pk": 13, "fields": {"school": 1, "name": "B.RAJASREE", "designation": "HSA Maths", "date_of_join": "1993-01-07"}}, 
{"model": "schools.staff", "pk": 14, "fields": {"school": 1, "name": "MAYA.K", "designation": "HSA Maths", "date_of_join": "2012-08-13"}}, 
{"model": "schools.staff", "pk": 15, "fields": {"school": 1, "name": "VN.ABDUL RAHIMAN", "designation": "HSA Maths", "date_of_join": "1997-02-20"}}, 
{"model": "schools.staff", "pk": 16, "fields": {"school": 1, "name": "GOPIKRISHNAN.VK", "designation": "HSA Maths", "date_of_join": "2010-09-12"}}, 
{"model": "schools.staff", "pk": 17, "fields": {"school": 1, "name": "S.LATHA", "designation": "HSA Maths", "date_of_join": "1997-11-05"}}, 
{"model": "schools.staff", "pk": 18, "fields": {"school": 1, "name": "N.RAVIDASAN", "designation": "HSA Natural Science", "date_of_join": "1993-11-19"}}, 
{"model": "schools.staff", "pk": 19, "fields": {"school": 1, "name": "TESSY ROSE MUNDASSERRY", "designation": "HSA Natural Science", "date_of_join": "2004-11-05"}}, 
{"model": "schools.staff", "pk": 20, "fields": {"school": 1, "name": "NALINI.KP", "designation": "HSA Natural Science", "date_of_join": "1997-06-23"}}, 
{"model": "schools.staff", "pk": 21, "fields": {"school": 1, "name": "CS.UDHUMAN", "designation": "HSA Physical Science", "date_of_join": "1996-01-27"}}, 
{"model": "schools.staff", "pk": 22, "fields": {"school": 1, "name": "CINIA KOMALAN", "designation": "HSA Physical Science", "date_of_join": "1997-07-04"}}, 
{"model": "schools.staff", "pk": 23, "fields": {"school": 1, "name": "KM.UDAYAKUMAR", "designation": "HSA Physical Science", "date_of_join": "1996-01-04"}}, 
{"model": "schools.staff", "pk": 24, "fields": {"school": 1, "name": "PRASEEDA.V", "designation": "HSA Sanskrit", "date_of_join": "2009-11-23"}}, 
{"model": "schools.staff", "pk": 25, "fields": {"school": 1, "name": "LAKSHMI.V", "designation": "HSA Social Science", "date_of_join": "1991-09-03"}}, 
{"model": "schools.staff", "pk": 26, "fields": {"school": 1, "name": "PJ.JOY", "designation": "HSA Social Science", "date_of_join": "1998-01-01"}}, 
{"model": "schools.staff", "pk": 27, "fields": {"school": 1, "name": "C.SAHIDA", "designation": "HSA Social Science", "date_of_join": "1997-02-28"}}, 
{"model": "schools.staff", "pk": 28, "fields": {"school": 1, "name": "PK.MATHEW", "designation": "HSA Social Science", "date_of_join": "1997-01-29"}}, 
{"model": "schools.staff", "pk": 29, "fields": {"school": 1, "name": "PREMA.K", "designation": "Junior Language FT Hindi", "date_of_join": "1999-09-03"}}, 
{"model": "schools.staff", "pk": 30, "fields": {"school": 1, "name": "AJITHA,R", "designation": "Peon", "date_of_join": "2010-07-07"}}, 
{"model": "schools.staff", "pk": 31, "fields": {"school": 1, "name": "RAMESH.VS", "designation": "Peon", "date_of_join": "2010-01-12"}}, 
{"model": "schools.staff", "pk": 32, "fields": {"school": 1, "name": "M.SUDEVAN", "designation": "Physical Education HS Section", "date_of_join": "1981-10-27"}}, 
{"model": "schools.staff", "pk": 33, "fields": {"school": 1, "name": "N.KRISHNANKUTTY", "designation": "UPSA", "date_of_join": "1985-07-12"}}, 
{"model": "schools.staff", "pk": 34, "fields": {"school": 1, "name": "BEENA.KB", "designation": "UPSA", "date_of_join": "1998-11-02"}}, 
{"model": "schools.staff", "pk": 35, "fields": {"school": 1, "name": "SHEELA KURIAKOSE", "designation": "UPSA", "date_of_join": "1985-07-29"}}, 
{"model": "schools.staff", "pk": 36, "fields": {"school": 1, "name": "PM.LOHITHAKSHY", "designation": "UPSA", "date_of_join": "1990-11-06"}}, 
{"model": "schools.staff", "pk": 37, "fields": {"school": 1, "name": "BINDU.CT", "designation": "UPSA", "date_of_join": "2010-08-12"}},
{"model": "schools.staff", "pk": 38, "fields": {"school": 2, "name": "HARIPRASAD.V", "designation": "Clerk", "date_of_join": "2007-07-30"}}, 
{"model": "schools.staff", "pk": 39, "fields": {"school": 2, "name": "RAZAK.M", "designation": "F.T.C.M", "date_of_join": "2008-05-15"}}, 
{"model": "schools.staff", "pk": 40, "fields": {"school": 2, "name": "SARAMMA.A", "designation": "F.T.C.M", "date_of_join": "2009-07-27"}}, 
{"model": "schools.staff", "pk": 41, "fields": {"school": 2, "name": "SUDEVAN.S", "designation": "HSA English", "date_of_join": "2011-10-17"}}, 
{"model": "schools.staff", "pk": 42, "fields": {"school": 2, "name": "LEELAMONI.M.R", "designation": "HSA English", "date_of_join": "2003-07-10"}},
{"model": "schools.staff", "pk": 43, "fields": {"school": 2, "name": "SUBHA.M", "designation": "HSA English", "date_of_join": "2013-02-06"}}, 
{"model": "schools.staff", "pk": 44, "fields": {"school": 2, "name": "RAMANIKUMARI.V.S", "designation": "HSA Hindi", "date_of_join": "1999-10-15"}}, 
{"model": "schools.staff", "pk": 45, "fields": {"school": 2, "name": "RAVI.P.B", "designation": "HSA Hindi", "date_of_join": "1999-08-12"}}, 
{"model": "schools.staff", "pk": 46, "fields": {"school": 2, "name": "SUHARA.S", "designation": "HSA Malayalam", "date_of_join": "2008-06-26"}}, 
{"model": "schools.staff", "pk": 47, "fields": {"school": 2, "name": "MANJU.U.R", "designation": "HSA Malayalam", "date_of_join": "2008-06-02"}},
{"model": "schools.staff", "pk": 48, "fields": {"school": 2, "name": "SIJI.R", "designation": "HSA Malayalam", "date_of_join": "2012-08-17"}}, 
{"model": "schools.staff", "pk": 49, "fields": {"school": 2, "name": "LISSY P MATHEW", "designation": "HSA Maths", "date_of_join": "2001-09-15"}}, 
{"model": "schools.staff", "pk": 50, "fields": {"school": 2, "name": "SATHI.A.K", "designation": "HSA Maths", "date_of_join": "1998-10-09"}}, 
{"model": "schools.staff", "pk": 51, "fields": {"school": 2, "name": "YOUSEPH. S", "designation": "HSA Maths", "date_of_join": "1997-02-19"}}, 
{"model": "schools.staff", "pk": 52, "fields": {"school": 2, "name": "SHINI.P.P", "designation": "HSA Natural Science", "date_of_join": "2005-01-05"}}, 
{"model": "schools.staff", "pk": 53, "fields": {"school": 2, "name": "SMITHA.K.C", "designation": "HSA Natural Science", "date_of_join": "2011-06-30"}}, 
{"model": "schools.staff", "pk": 54, "fields": {"school": 2, "name": "DEVADAS.M.K", "designation": "HSA Physical Science", "date_of_join": "1998-10-09"}}, 
{"model": "schools.staff", "pk": 55, "fields": {"school": 2, "name": "REKHA.C", "designation": "HSA Physical Science", "date_of_join": "2012-08-14"}}, 
{"model": "schools.staff", "pk": 56, "fields": {"school": 2, "name": "ALICE JOSEPH", "designation": "HSA Physical Science", "date_of_join": "1995-06-20"}}, 
{"model": "schools.staff", "pk": 57, "fields": {"school": 2, "name": "SUNANDA.K.C", "designation": "HSA PT Language Sanskrit", "date_of_join": "2010-06-07"}}, 
{"model": "schools.staff", "pk": 58, "fields": {"school": 2, "name": "UNNIKRISHNAN.C", "designation": "HSA Social Science", "date_of_join": "2000-11-29"}}, 
{"model": "schools.staff", "pk": 59, "fields": {"school": 2, "name": "V.M.RESIYA", "designation": "HSA Social Science", "date_of_join": "2008-11-18"}}, 
{"model": "schools.staff", "pk": 60, "fields": {"school": 2, "name": "KAMALKSHY.C.K", "designation": "HSA Social Science", "date_of_join": "1998-06-26"}}, 
{"model": "schools.staff", "pk": 61, "fields": {"school": 2, "name": "SAFIYA.K.M", "designation": "Junior Language FT Hindi", "date_of_join": "1995-03-30"}}, 
{"model": "schools.staff", "pk": 62, "fields": {"school": 2, "name": "OMANA.K.V", "designation": "Junior Language PT Hindi", "date_of_join": "2005-03-10"}}, 
{"model": "schools.staff", "pk": 63, "fields": {"school": 2, "name": "SUSHMITHA.B", "designation": "LPSA", "date_of_join": "2008-07-25"}}, 
{"model": "schools.staff", "pk": 64, "fields": {"school": 2, "name": "REMYA.L", "designation": "LPSA", "date_of_join": "2009-07-28"}},
{"model": "schools.staff", "pk": 65, "fields": {"school": 2, "name": "PRASANNAKUMARI.C", "designation": "N.W ( Needle Work )", "date_of_join": "1985-01-04"}}, 
{"model": "schools.staff", "pk": 66, "fields": {"school": 2, "name": "SINDHU.M", "designation": "PD Teacher", "date_of_join": "1998-06-12"}}, 
{"model": "schools.staff", "pk": 67, "fields": {"school": 2, "name": "ALEYAMMA.P.S", "designation": "PD Teacher", "date_of_join": "1991-09-03"}}, 
{"model": "schools.staff", "pk": 68, "fields": {"school": 2, "name": "NALINI.A.M", "designation": "PD Teacher", "date_of_join": "1997-09-26"}}, 
{"model": "schools.staff", "pk": 69, "fields": {"school": 2, "name": "SANDHYA.R.R", "designation": "PD Teacher", "date_of_join": "2004-02-19"}}, 
{"model": "schools.staff", "pk": 70, "fields": {"school": 2, "name": "JERSON.A.J", "designation": "PD Teacher", "date_of_join": "1997-09-26"}}, 
{"model": "schools.staff", "pk": 71, "fields": {"school": 2, "name": "AJI JOHN", "designation": "PD Teacher", "date_of_join": "2004-12-01"}}, 
{"model": "schools.staff", "pk": 72, "fields": {"school": 2, "name": "SEENA.P.K", "designation": "PD Teacher", "date_of_join": "2000-12-08"}}, 
{"model": "schools.staff", "pk": 73, "fields": {"school": 2, "name": "ASHA.P.K", "designation": "PD Teacher", "date_of_join": "2003-11-03"}}, 
{"model": "schools.staff", "pk": 74, "fields": {"school": 2, "name": "P.C.SREEKALA", "designation": "PD Teacher", "date_of_join": "1992-12-28"}},
{"model": "schools.staff", "pk": 75, "fields": {"school": 2, "name": "USHA.N.R", "designation": "PD Teacher", "date_of_join": "1990-11-01"}}, 
{"model": "schools.staff", "pk": 76, "fields": {"school": 2, "name": "LEELA.P", "designation": "PD Teacher", "date_of_join": "1990-12-31"}}, 
{"model": "schools.staff", "pk": 77, "fields": {"school": 2, "name": "RUGMANI.P", "designation": "PD Teacher", "date_of_join": "2000-08-14"}}, 
{"model": "schools.staff", "pk": 78, "fields": {"school": 2, "name": "AMBIKA.K", "designation": "PD Teacher", "date_of_join": "1991-09-02"}}, 
{"model": "schools.staff", "pk": 79, "fields": {"school": 2, "name": "K.BINDU", "designation": "PD Teacher", "date_of_join": "2005-06-06"}}, 
{"model": "schools.staff", "pk": 80, "fields": {"school": 2, "name": "PREMJI.K", "designation": "Peon", "date_of_join": "2004-10-12"}}, 
{"model": "schools.staff", "pk": 81, "fields": {"school": 2, "name": "KRISHNADSAN.K", "designation": "Physical Education HS Section", "date_of_join": "1996-12-10"}}, 
{"model": "schools.staff", "pk": 82, "fields": {"school": 2, "name": "ALLY.P", "designation": "Physical Education HS Section", "date_of_join": "1997-02-01"}}, 
{"model": "schools.staff", "pk": 83, "fields": {"school": 2, "name": "SIDEEQUE.V", "designation": "Special Teacher Drawing HS Section", "date_of_join": "2013-12-06"}}, 
{"model": "schools.staff", "pk": 84, "fields": {"school": 2, "name": "PRAMEELA.K.G", "designation": "UPSA", "date_of_join": "2008-07-08"}},
{"model": "schools.staff", "pk": 85, "fields": {"school": 2, "name": "BABITHA.K", "designation": "UPSA", "date_of_join": "2007-02-21"}},

{"model": "schools.staffstrength", "pk": 1, "fields": {"school": 1, "year": "2015", "designation": "U.P.S  Assistant", "strength": 4}}, {"model": "schools.staffstrength", "pk": 2, "fields": {"school": 1, "year": "2015", "designation": "Clerk", "strength": 1}}, {"model": "schools.staffstrength", "pk": 3, "fields": {"school": 1, "year": "2015", "designation": "Drawing Teacher (HS)", "strength": 1}}, {"model": "schools.staffstrength", "pk": 4, "fields": {"school": 1, "year": "2015", "designation": "Full Time Menial", "strength": 2}}, {"model": "schools.staffstrength", "pk": 5, "fields": {"school": 1, "year": "2015", "designation": "Headmaster (Secondary)", "strength": 1}}, {"model": "schools.staffstrength", "pk": 6, "fields": {"school": 1, "year": "2015", "designation": "High School Assistant (English)", "strength": 4}}, {"model": "schools.staffstrength", "pk": 7, "fields": {"school": 1, "year": "2015", "designation": "High School Assistant (Hindi)", "strength": 2}}, {"model": "schools.staffstrength", "pk": 8, "fields": {"school": 1, "year": "2015", "designation": "High School Assistant (Malayalam)", "strength": 5}}, {"model": "schools.staffstrength", "pk": 9, "fields": {"school": 1, "year": "2015", "designation": "High School Assistant (Maths)", "strength": 5}}, {"model": "schools.staffstrength", "pk": 10, "fields": {"school": 1, "year": "2015", "designation": "High School Assistant (Natural Science)", "strength": 3}}, {"model": "schools.staffstrength", "pk": 11, "fields": {"school": 1, "year": "2015", "designation": "High School Assistant (Physical Science)", "strength": 4}}, {"model": "schools.staffstrength", "pk": 12, "fields": {"school": 1, "year": "2015", "designation": "High School Assistant (Sanskrit)", "strength": 1}}, {"model": "schools.staffstrength", "pk": 13, "fields": {"school": 1, "year": "2015", "designation": "High School Assistant (Social Science)", "strength": 4}}, {"model": "schools.staffstrength", "pk": 14, "fields": {"school": 1, "year": "2015", "designation": "Junior Language Teacher (Hindi)", "strength": 1}}, {"model": "schools.staffstrength", "pk": 15, "fields": {"school": 1, "year": "2015", "designation": "Needle Work Teacher (HS)", "strength": 1}}, {"model": "schools.staffstrength", "pk": 16, "fields": {"school": 1, "year": "2015", "designation": "Peon / Office Attendant", "strength": 2}}, {"model": "schools.staffstrength", "pk": 17, "fields": {"school": 1, "year": "2015", "designation": "Physical Education Teacher (HS)", "strength": 1}}, {"model": "schools.staffstrength", "pk": 18, "fields": {"school": 1, "year": "2011", "designation": "Clerk", "strength": 1}}, {"model": "schools.staffstrength", "pk": 19, "fields": {"school": 1, "year": "2011", "designation": "F.T.C.M", "strength": 2}}, {"model": "schools.staffstrength", "pk": 20, "fields": {"school": 1, "year": "2011", "designation": "Head Master", "strength": 1}}, {"model": "schools.staffstrength", "pk": 21, "fields": {"school": 1, "year": "2011", "designation": "HSA English", "strength": 4}}, {"model": "schools.staffstrength", "pk": 22, "fields": {"school": 1, "year": "2011", "designation": "HSA Hindi", "strength": 2}}, {"model": "schools.staffstrength", "pk": 23, "fields": {"school": 1, "year": "2011", "designation": "HSA Malayalam", "strength": 5}}, {"model": "schools.staffstrength", "pk": 24, "fields": {"school": 1, "year": "2011", "designation": "HSA Maths", "strength": 5}}, {"model": "schools.staffstrength", "pk": 25, "fields": {"school": 1, "year": "2011", "designation": "HSA Natural Science", "strength": 3}}, {"model": "schools.staffstrength", "pk": 26, "fields": {"school": 1, "year": "2011", "designation": "HSA Physical Science", "strength": 4}}, {"model": "schools.staffstrength", "pk": 27, "fields": {"school": 1, "year": "2011", "designation": "HSA Sanskrit", "strength": 1}}, {"model": "schools.staffstrength", "pk": 28, "fields": {"school": 1, "year": "2011", "designation": "HSA Social Science", "strength": 4}}, {"model": "schools.staffstrength", "pk": 29, "fields": {"school": 1, "year": "2011", "designation": "Junior Language FT Hindi", "strength": 1}}, {"model": "schools.staffstrength", "pk": 30, "fields": {"school": 1, "year": "2011", "designation": "Peon", "strength": 2}}, {"model": "schools.staffstrength", "pk": 31, "fields": {"school": 1, "year": "2011", "designation": "Physical Education HS Section", "strength": 1}}, {"model": "schools.staffstrength", "pk": 32, "fields": {"school": 1, "year": "2011", "designation": "Special Teacher Drawing HS Section", "strength": 1}}, {"model": "schools.staffstrength", "pk": 33, "fields": {"school": 1, "year": "2011", "designation": "Special Teacher Sweing HS Section", "strength": 1}}, {"model": "schools.staffstrength", "pk": 34, "fields": {"school": 1, "year": "2011", "designation": "UPSA", "strength": 5}},
{"model": "schools.staffstrength", "pk": 35, "fields": {"school": 2, "year": "2015", "designation": "L.G Arabic Teacher", "strength": 0}}, {"model": "schools.staffstrength", "pk": 36, "fields": {"school": 2, "year": "2015", "designation": "U.P.S  Assistant", "strength": 13}}, {"model": "schools.staffstrength", "pk": 37, "fields": {"school": 2, "year": "2015", "designation": "Clerk", "strength": 1}}, {"model": "schools.staffstrength", "pk": 38, "fields": {"school": 2, "year": "2015", "designation": "Drawing Teacher (HS)", "strength": 1}}, {"model": "schools.staffstrength", "pk": 39, "fields": {"school": 2, "year": "2015", "designation": "Full Time Menial", "strength": 2}}, {"model": "schools.staffstrength", "pk": 40, "fields": {"school": 2, "year": "2015", "designation": "Headmaster (Secondary)", "strength": 1}}, {"model": "schools.staffstrength", "pk": 41, "fields": {"school": 2, "year": "2015", "designation": "High School Assistant (Arabic)", "strength": 1}}, {"model": "schools.staffstrength", "pk": 42, "fields": {"school": 2, "year": "2015", "designation": "High School Assistant (English)", "strength": 3}}, {"model": "schools.staffstrength", "pk": 43, "fields": {"school": 2, "year": "2015", "designation": "High School Assistant (Hindi)", "strength": 2}}, {"model": "schools.staffstrength", "pk": 44, "fields": {"school": 2, "year": "2015", "designation": "High School Assistant (Malayalam)", "strength": 3}}, {"model": "schools.staffstrength", "pk": 45, "fields": {"school": 2, "year": "2015", "designation": "High School Assistant (Maths)", "strength": 3}}, {"model": "schools.staffstrength", "pk": 46, "fields": {"school": 2, "year": "2015", "designation": "High School Assistant (Natural Science)", "strength": 2}}, {"model": "schools.staffstrength", "pk": 47, "fields": {"school": 2, "year": "2015", "designation": "High School Assistant (Physical Science)", "strength": 3}}, {"model": "schools.staffstrength", "pk": 48, "fields": {"school": 2, "year": "2015", "designation": "High School Assistant (Sanskrit - Part Time)", "strength": 1}}, {"model": "schools.staffstrength", "pk": 49, "fields": {"school": 2, "year": "2015", "designation": "High School Assistant (Social Science)", "strength": 3}}, {"model": "schools.staffstrength", "pk": 50, "fields": {"school": 2, "year": "2015", "designation": "L.G Hindi Teacher", "strength": 1}}, {"model": "schools.staffstrength", "pk": 51, "fields": {"school": 2, "year": "2015", "designation": "L.P.S  Assistant", "strength": 4}}, {"model": "schools.staffstrength", "pk": 52, "fields": {"school": 2, "year": "2015", "designation": "Needle Work Teacher (HS)", "strength": 1}}, {"model": "schools.staffstrength", "pk": 53, "fields": {"school": 2, "year": "2015", "designation": "Peon / Office Attendant", "strength": 2}}, {"model": "schools.staffstrength", "pk": 54, "fields": {"school": 2, "year": "2015", "designation": "Physical Education Teacher (HS)", "strength": 1}}, {"model": "schools.staffstrength", "pk": 55, "fields": {"school": 2, "year": "2011", "designation": "Clerk", "strength": 1}}, {"model": "schools.staffstrength", "pk": 56, "fields": {"school": 2, "year": "2011", "designation": "F.T.C.M", "strength": 2}}, {"model": "schools.staffstrength", "pk": 57, "fields": {"school": 2, "year": "2011", "designation": "Head Master", "strength": 1}}, {"model": "schools.staffstrength", "pk": 58, "fields": {"school": 2, "year": "2011", "designation": "HSA Arabic", "strength": 1}}, {"model": "schools.staffstrength", "pk": 59, "fields": {"school": 2, "year": "2011", "designation": "HSA English", "strength": 3}}, {"model": "schools.staffstrength", "pk": 60, "fields": {"school": 2, "year": "2011", "designation": "HSA Hindi", "strength": 2}}, {"model": "schools.staffstrength", "pk": 61, "fields": {"school": 2, "year": "2011", "designation": "HSA Malayalam", "strength": 3}}, {"model": "schools.staffstrength", "pk": 62, "fields": {"school": 2, "year": "2011", "designation": "HSA Maths", "strength": 3}}, {"model": "schools.staffstrength", "pk": 63, "fields": {"school": 2, "year": "2011", "designation": "HSA Natural Science", "strength": 2}}, {"model": "schools.staffstrength", "pk": 64, "fields": {"school": 2, "year": "2011", "designation": "HSA Physical Science", "strength": 3}},{"model": "schools.staffstrength", "pk": 65, "fields": {"school": 2, "year": "2011", "designation": "HSA PT Language Sanskrit", "strength": 1}}, {"model": "schools.staffstrength", "pk": 66, "fields": {"school": 2, "year": "2011", "designation": "HSA Social Science", "strength": 3}}, {"model": "schools.staffstrength", "pk": 67, "fields": {"school": 2, "year": "2011", "designation": "Junior Language FT Arabic (LP)", "strength": 1}}, {"model": "schools.staffstrength", "pk": 68, "fields": {"school": 2, "year": "2011", "designation": "Junior Language FT Hindi", "strength": 2}}, {"model": "schools.staffstrength", "pk": 69, "fields": {"school": 2, "year": "2011", "designation": "LPSA", "strength": 4}}, {"model": "schools.staffstrength", "pk": 70, "fields": {"school": 2, "year": "2011", "designation": "Peon", "strength": 2}}, {"model": "schools.staffstrength", "pk": 71, "fields": {"school": 2, "year": "2011", "designation": "Physical Education HS Section", "strength": 1}}, {"model": "schools.staffstrength", "pk": 72, "fields": {"school": 2, "year": "2011", "designation": "Physical Education UP Section", "strength": 1}}, {"model": "schools.staffstrength", "pk": 73, "fields": {"school": 2, "year": "2011", "designation": "Special Teacher Drawing HS Section", "strength": 1}}, {"model": "schools.staffstrength", "pk": 74, "fields": {"school": 2, "year": "2011", "designation": "Special Teacher Sweing HS Section", "strength": 1}}, {"model": "schools.staffstrength", "pk": 75, "fields": {"school": 2, "year": "2011", "designation": "UPSA", "strength": 14}}]